{"assets/images/chat_gpt.jpg":["assets/images/chat_gpt.jpg"],"assets/images/cover.png":["assets/images/cover.png"],"assets/images/cover2.png":["assets/images/cover2.png"],"assets/images/logo.png":["assets/images/logo.png"],"assets/images/profile.jpg":["assets/images/profile.jpg"],"assets/images/screen-1.png":["assets/images/screen-1.png"],"assets/images/screen-2.png":["assets/images/screen-2.png"],"packages/cupertino_icons/assets/CupertinoIcons.ttf":["packages/cupertino_icons/assets/CupertinoIcons.ttf"],"packages/font_awesome_flutter/lib/fonts/fa-brands-400.ttf":["packages/font_awesome_flutter/lib/fonts/fa-brands-400.ttf"],"packages/font_awesome_flutter/lib/fonts/fa-regular-400.ttf":["packages/font_awesome_flutter/lib/fonts/fa-regular-400.ttf"],"packages/font_awesome_flutter/lib/fonts/fa-solid-900.ttf":["packages/font_awesome_flutter/lib/fonts/fa-solid-900.ttf"]}